{
  "version": 1,
  "author": "Shashwat Shukla",
  "editor": "wokwi",
  "parts": [
    { "type": "board-esp32-devkit-c-v4", "id": "esp", "top": 28.8, "left": -215.96, "attrs": {} },
    {
      "type": "wokwi-lcd1602",
      "id": "lcd1",
      "top": -32,
      "left": -71.2,
      "attrs": { "pins": "i2c" }
    }
  ],
  "connections": [
    [ "esp:TX", "$serialMonitor:RX", "", [] ],
    [ "esp:RX", "$serialMonitor:TX", "", [] ],
    [ "lcd1:VCC", "esp:3V3", "red", [ "h0" ] ],
    [ "lcd1:GND", "esp:GND.1", "black", [ "h0" ] ],
    [ "lcd1:SDA", "esp:21", "green", [ "h0" ] ],
    [ "lcd1:SCL", "esp:22", "blue", [ "h0" ] ]
  ],
  "dependencies": {}
}